Workbook

Sheet Games
A1: Game | B1: Winners (comma-separated) | C1: Losers (comma-separated) | D1: Date | E1: Location
A2: 1 | B2: Harry, Nick, Paddy, Edwin, Wilko, Dhruv | C2: Elliot, Pablo, Abhash, Riccardo, Will, Ahmed | D2: 45822 | E2: Borough
A3: 2 | D3: 45829 | E3: Borough
A4: 3 | D4: 45836 | E4: Borough
A5: 4 | B5: Draw | D5: 45885 | E5: Haggerston
A6: 5 | B6: Dhruv, Nick, Paddy, Pranav, Wilko, Rob, Nadeem, Harry | C6: Riccardo, Elliot, George, Pablo, Jayden, Edwin | D6: 45892 | E6: Haggerston
A7: 6 | B7: Dhruv, Peter, Harry, Rob, Alexi | C7: Paddy, Nick, Noel, Pablo, Abhash | D7: 45899 | E7: Shoreditch
A8: 7
A9: 8 | B9: Pablo, Paddy, Noel, Abhash, Dhruv | C9: Nick, Wilko, Dom, Harry, Ahmed | D9: 45906 | E9: Shoreditch
A10: 9 | B10: Pablo, Will, Adit, Noel, Edwin, Dhruv | C10: Paddy, Nick, Wilko, Harry, Elliot, Ahmed | D10: 45920 | E10: Moreland
A11: 10 | B11: Adit, Dhruv, Ahmed, Elliot, Abhash, Josh | C11: Harry, Riccardo, Edwin, Wilko, Noel, Pablo | D11: 45927 | E11: Moreland
A12: 11 | B12: Dhruv, Harry, Edwin, Wilko, Noel, Nadeem | C12: George, Riccardo, Pranav, Paddy, Ahmed, Elliot | D12: 45934 | E12: Moreland
A13: 12 | B13: Abhash, Harry, Wilko, Filip, Edwin, Gabe | C13: Ahmed, Nadeem, Dhruv, Elliot, Will, Pablo | D13: 45942 | E13: Moreland
A14: 13 | B14: Harry, Peter, Jayden, Riccardo, Elliot, George, Rob | C14: Ahmed, Pranav, Dhruv, Nick, Paddy, Wilko, Edwin | D14: 45963 | E14: Shoreditch
A15: 14 | B15: Abhash, Elliot, Noel, Rob, Edwin | C15: Paddy, Wilko, Nick, Dhruv, Will | D15: 45969 | E15: Shoreditch Rooftop
A16: 15 | B16: Abhash, Elliot, Noel, Harry, Will, Riccardo | C16: Paddy, Nick, Dhruv, Edwin, Pranav, Jack | D16: 45998 | E16: Moreland
A17: 16
A18: 17
A19: 18
A20: 19
A21: 20

Sheet Stats
A1: Player | B1: Wins | C1: Games | D1: Win % | E1: Weighted Score | F1: Rank (Comp) | G1: Rank (Dense) | K1: Weight k | L1: Min games | M1: Notes
A2: Rob | B2: =IF(A2="","",COUNTIF(Games!B:B,"*" & A2 & "*")) -> 4 | C2: =IF(A2="","",COUNTIF(Games!B:C,"*" & A2 & "*")) -> 4 | D2: =IF(C2=0,"",B2/C2) -> 1 | E2: =IF(C2<$L$2,"",IF(C2=0,"",D2*(C2/(C2+$K$2)))) -> 0.57142857 | F2: =IF(E2="","",RANK(E2,$E$2:$E$100,0)) -> 1 | G2: {=IF(E2="","",RANK(E2,$E$2:$E$100,0)-SUMPRODUCT(($E$2:$E$100>E2)/COUNTIF($E$2:$E$100,$E$2:$E$100)))} -> 1 | K2: 3 | L2: 1 | M2: k penalises small samples. Increase to downweight few-game records.
A3: Adit | B3: =IF(A3="","",COUNTIF(Games!B:B,"*" & A3 & "*")) -> 2 | C3: =IF(A3="","",COUNTIF(Games!B:C,"*" & A3 & "*")) -> 2 | D3: =IF(C3=0,"",B3/C3) -> 1 | E3: =IF(C3<$L$2,"",IF(C3=0,"",D3*(C3/(C3+$K$2)))) -> 0.4 | F3: =IF(E3="","",RANK(E3,$E$2:$E$100,0)) -> 7 | G3: {=IF(E3="","",RANK(E3,$E$2:$E$100,0)-SUMPRODUCT(($E$2:$E$100>E3)/COUNTIF($E$2:$E$100,$E$2:$E$100)))} -> 3
A4: Peter | B4: =IF(A4="","",COUNTIF(Games!B:B,"*" & A4 & "*")) -> 2 | C4: =IF(A4="","",COUNTIF(Games!B:C,"*" & A4 & "*")) -> 2 | D4: =IF(C4=0,"",B4/C4) -> 1 | E4: =IF(C4<$L$2,"",IF(C4=0,"",D4*(C4/(C4+$K$2)))) -> 0.4 | F4: =IF(E4="","",RANK(E4,$E$2:$E$100,0)) -> 7 | G4: {=IF(E4="","",RANK(E4,$E$2:$E$100,0)-SUMPRODUCT(($E$2:$E$100>E4)/COUNTIF($E$2:$E$100,$E$2:$E$100)))} -> 3
A5: Alexi | B5: =IF(A5="","",COUNTIF(Games!B:B,"*" & A5 & "*")) -> 1 | C5: =IF(A5="","",COUNTIF(Games!B:C,"*" & A5 & "*")) -> 1 | D5: =IF(C5=0,"",B5/C5) -> 1 | E5: =IF(C5<$L$2,"",IF(C5=0,"",D5*(C5/(C5+$K$2)))) -> 0.25 | F5: =IF(E5="","",RANK(E5,$E$2:$E$100,0)) -> 12 | G5: {=IF(E5="","",RANK(E5,$E$2:$E$100,0)-SUMPRODUCT(($E$2:$E$100>E5)/COUNTIF($E$2:$E$100,$E$2:$E$100)))} -> 6
A6: Josh | B6: =IF(A6="","",COUNTIF(Games!B:B,"*" & A6 & "*")) -> 1 | C6: =IF(A6="","",COUNTIF(Games!B:C,"*" & A6 & "*")) -> 1 | D6: =IF(C6=0,"",B6/C6) -> 1 | E6: =IF(C6<$L$2,"",IF(C6=0,"",D6*(C6/(C6+$K$2)))) -> 0.25 | F6: =IF(E6="","",RANK(E6,$E$2:$E$100,0)) -> 12 | G6: {=IF(E6="","",RANK(E6,$E$2:$E$100,0)-SUMPRODUCT(($E$2:$E$100>E6)/COUNTIF($E$2:$E$100,$E$2:$E$100)))} -> 6
A7: Abhash | B7: =IF(A7="","",COUNTIF(Games!B:B,"*" & A7 & "*")) -> 5 | C7: =IF(A7="","",COUNTIF(Games!B:C,"*" & A7 & "*")) -> 7 | D7: =IF(C7=0,"",B7/C7) -> 0.71428571 | E7: =IF(C7<$L$2,"",IF(C7=0,"",D7*(C7/(C7+$K$2)))) -> 0.5 | F7: =IF(E7="","",RANK(E7,$E$2:$E$100,0)) -> 3 | G7: {=IF(E7="","",RANK(E7,$E$2:$E$100,0)-SUMPRODUCT(($E$2:$E$100>E7)/COUNTIF($E$2:$E$100,$E$2:$E$100)))} -> 1
A8: Noel | B8: =IF(A8="","",COUNTIF(Games!B:B,"*" & A8 & "*")) -> 5 | C8: =IF(A8="","",COUNTIF(Games!B:C,"*" & A8 & "*")) -> 7 | D8: =IF(C8=0,"",B8/C8) -> 0.71428571 | E8: =IF(C8<$L$2,"",IF(C8=0,"",D8*(C8/(C8+$K$2)))) -> 0.5 | F8: =IF(E8="","",RANK(E8,$E$2:$E$100,0)) -> 3 | G8: {=IF(E8="","",RANK(E8,$E$2:$E$100,0)-SUMPRODUCT(($E$2:$E$100>E8)/COUNTIF($E$2:$E$100,$E$2:$E$100)))} -> 1
A9: Harry | B9: =IF(A9="","",COUNTIF(Games!B:B,"*" & A9 & "*")) -> 7 | C9: =IF(A9="","",COUNTIF(Games!B:C,"*" & A9 & "*")) -> 10 | D9: =IF(C9=0,"",B9/C9) -> 0.7 | E9: =IF(C9<$L$2,"",IF(C9=0,"",D9*(C9/(C9+$K$2)))) -> 0.53846154 | F9: =IF(E9="","",RANK(E9,$E$2:$E$100,0)) -> 2 | G9: {=IF(E9="","",RANK(E9,$E$2:$E$100,0)-SUMPRODUCT(($E$2:$E$100>E9)/COUNTIF($E$2:$E$100,$E$2:$E$100)))} -> 1
A10: Nadeem | B10: =IF(A10="","",COUNTIF(Games!B:B,"*" & A10 & "*")) -> 2 | C10: =IF(A10="","",COUNTIF(Games!B:C,"*" & A10 & "*")) -> 3 | D10: =IF(C10=0,"",B10/C10) -> 0.66666667 | E10: =IF(C10<$L$2,"",IF(C10=0,"",D10*(C10/(C10+$K$2)))) -> 0.33333333 | F10: =IF(E10="","",RANK(E10,$E$2:$E$100,0)) -> 9 | G10: {=IF(E10="","",RANK(E10,$E$2:$E$100,0)-SUMPRODUCT(($E$2:$E$100>E10)/COUNTIF($E$2:$E$100,$E$2:$E$100)))} -> 4
A11: Dhruv | B11: =IF(A11="","",COUNTIF(Games!B:B,"*" & A11 & "*")) -> 7 | C11: =IF(A11="","",COUNTIF(Games!B:C,"*" & A11 & "*")) -> 11 | D11: =IF(C11=0,"",B11/C11) -> 0.63636364 | E11: =IF(C11<$L$2,"",IF(C11=0,"",D11*(C11/(C11+$K$2)))) -> 0.5 | F11: =IF(E11="","",RANK(E11,$E$2:$E$100,0)) -> 3 | G11: {=IF(E11="","",RANK(E11,$E$2:$E$100,0)-SUMPRODUCT(($E$2:$E$100>E11)/COUNTIF($E$2:$E$100,$E$2:$E$100)))} -> 1
A12: Edwin | B12: =IF(A12="","",COUNTIF(Games!B:B,"*" & A12 & "*")) -> 5 | C12: =IF(A12="","",COUNTIF(Games!B:C,"*" & A12 & "*")) -> 9 | D12: =IF(C12=0,"",B12/C12) -> 0.55555556 | E12: =IF(C12<$L$2,"",IF(C12=0,"",D12*(C12/(C12+$K$2)))) -> 0.41666667 | F12: =IF(E12="","",RANK(E12,$E$2:$E$100,0)) -> 6 | G12: {=IF(E12="","",RANK(E12,$E$2:$E$100,0)-SUMPRODUCT(($E$2:$E$100>E12)/COUNTIF($E$2:$E$100,$E$2:$E$100)))} -> 3
A13: Jayden | B13: =IF(A13="","",COUNTIF(Games!B:B,"*" & A13 & "*")) -> 1 | C13: =IF(A13="","",COUNTIF(Games!B:C,"*" & A13 & "*")) -> 2 | D13: =IF(C13=0,"",B13/C13) -> 0.5 | E13: =IF(C13<$L$2,"",IF(C13=0,"",D13*(C13/(C13+$K$2)))) -> 0.2 | F13: =IF(E13="","",RANK(E13,$E$2:$E$100,0)) -> 17 | G13: {=IF(E13="","",RANK(E13,$E$2:$E$100,0)-SUMPRODUCT(($E$2:$E$100>E13)/COUNTIF($E$2:$E$100,$E$2:$E$100)))} -> 9
A14: Wilko | B14: =IF(A14="","",COUNTIF(Games!B:B,"*" & A14 & "*")) -> 4 | C14: =IF(A14="","",COUNTIF(Games!B:C,"*" & A14 & "*")) -> 9 | D14: =IF(C14=0,"",B14/C14) -> 0.44444444 | E14: =IF(C14<$L$2,"",IF(C14=0,"",D14*(C14/(C14+$K$2)))) -> 0.33333333 | F14: =IF(E14="","",RANK(E14,$E$2:$E$100,0)) -> 9 | G14: {=IF(E14="","",RANK(E14,$E$2:$E$100,0)-SUMPRODUCT(($E$2:$E$100>E14)/COUNTIF($E$2:$E$100,$E$2:$E$100)))} -> 4
... A24: Jack | B24: =IF(A24="","",COUNTIF(Games!B:B,"*" & A24 & "*")) -> 0 | C24: =IF(A24="","",COUNTIF(Games!B:C,"*" & A24 & "*")) -> 1 | D24: =IF(C24=0,"",B24/C24) -> 0 | E24: =IF(C24<$L$2,"",IF(C24=0,"",D24*(C24/(C24+$K$2)))) -> 0 | F24: =IF(E24="","",RANK(E24,$E$2:$E$100,0)) -> 23 | G24: {=IF(E24="","",RANK(E24,$E$2:$E$100,0)-SUMPRODUCT(($E$2:$E$100>E24)/COUNTIF($E$2:$E$100,$E$2:$E$100)))} -> 10
B25: =IF(A25="","",COUNTIF(Games!B:B,"*" & A25 & "*")) | C25: =IF(A25="","",COUNTIF(Games!B:C,"*" & A25 & "*"))
B26: =IF(A26="","",COUNTIF(Games!B:B,"*" & A26 & "*")) | C26: =IF(A26="","",COUNTIF(Games!B:C,"*" & A26 & "*"))
B27: =IF(A27="","",COUNTIF(Games!B:B,"*" & A27 & "*")) | C27: =IF(A27="","",COUNTIF(Games!B:C,"*" & A27 & "*"))
B28: =IF(A28="","",COUNTIF(Games!B:B,"*" & A28 & "*")) | C28: =IF(A28="","",COUNTIF(Games!B:C,"*" & A28 & "*"))
B29: =IF(A29="","",COUNTIF(Games!B:B,"*" & A29 & "*")) | C29: =IF(A29="","",COUNTIF(Games!B:C,"*" & A29 & "*"))
B30: =IF(A30="","",COUNTIF(Games!B:B,"*" & A30 & "*")) | C30: =IF(A30="","",COUNTIF(Games!B:C,"*" & A30 & "*"))
B31: =IF(A31="","",COUNTIF(Games!B:B,"*" & A31 & "*")) | C31: =IF(A31="","",COUNTIF(Games!B:C,"*" & A31 & "*"))
B32: =IF(A32="","",COUNTIF(Games!B:B,"*" & A32 & "*")) | C32: =IF(A32="","",COUNTIF(Games!B:C,"*" & A32 & "*"))
B33: =IF(A33="","",COUNTIF(Games!B:B,"*" & A33 & "*")) | C33: =IF(A33="","",COUNTIF(Games!B:C,"*" & A33 & "*"))
B34: =IF(A34="","",COUNTIF(Games!B:B,"*" & A34 & "*")) | C34: =IF(A34="","",COUNTIF(Games!B:C,"*" & A34 & "*"))
B35: =IF(A35="","",COUNTIF(Games!B:B,"*" & A35 & "*")) | C35: =IF(A35="","",COUNTIF(Games!B:C,"*" & A35 & "*"))
B36: =IF(A36="","",COUNTIF(Games!B:B,"*" & A36 & "*")) | C36: =IF(A36="","",COUNTIF(Games!B:C,"*" & A36 & "*"))
... B123: =IF(A123="","",COUNTIF(Games!B:B,"*" & A123 & "*")) | C123: =IF(A123="","",COUNTIF(Games!B:C,"*" & A123 & "*"))

Sheet How to use
A1: Quick Start (No macros, works in Excel 2016+)
A3: 1) On the 'Games' sheet, paste each game's winners and losers as comma-separated names.
A4: 2) On 'Stats', the player list is prefilled. Add/remove names in column A if needed.
A5: 3) Columns B–D compute Wins, Games, Win %.
A6: 4) Column E is a Weighted Score = Win% * (Games / (Games + k)).
A7: - k (cell K2) downweights small samples (try 3–8).
A8: - Min games (L2): players with fewer are excluded from ranking.
A9: 5) Columns F and G show ranks: Competition (ties share same rank with gaps) and Dense (ties share rank without gaps).
A10: 6) Sort the table by Rank (Dense) then Wins to show a tie-aware leaderboard. Equal ranks will be visible in column G.
